clang_sa,Logic error,009032128a.c,12,Access out-of-bound array element (buffer overflow)
clang_sa,Logic error,0122ddbc0f.c,17,Access out-of-bound array element (buffer overflow)
clang_sa,Logic error,019f8d1ae7.c,18,Access out-of-bound array element (buffer overflow)
clang_sa,Logic error,02920f43aa.c,18,Access out-of-bound array element (buffer overflow)
clang_sa,Logic error,02a8f67845.c,19,Access out-of-bound array element (buffer overflow)
clang_sa,Logic error,02e639c17d.c,8,Access out-of-bound array element (buffer overflow)
clang_sa,Logic error,02e792379e.c,20,Access out-of-bound array element (buffer overflow)
clang_sa,Logic error,0312e42d44.c,13,Access out-of-bound array element (buffer overflow)
clang_sa,Logic error,03150cc02f.c,20,Access out-of-bound array element (buffer overflow)
clang_sa,Logic error,0331902905.c,16,Access out-of-bound array element (buffer overflow)
clang_sa,Logic error,035016ee1f.c,16,Access out-of-bound array element (buffer overflow)
clang_sa,Logic error,03dddf5029.c,20,Access out-of-bound array element (buffer overflow)
clang_sa,Logic error,042c8a07c7.c,14,Access out-of-bound array element (buffer overflow)
clang_sa,Logic error,046c055641.c,21,Access out-of-bound array element (buffer overflow)
clang_sa,Logic error,046c055641.c,26,Access out-of-bound array element (buffer overflow)
clang_sa,Logic error,0547fea11c.c,18,Access out-of-bound array element (buffer overflow)
clang_sa,Logic error,055b77b986.c,16,Access out-of-bound array element (buffer overflow)
clang_sa,Logic error,0696d557c8.c,24,Access out-of-bound array element (buffer overflow)
clang_sa,Logic error,070dc7fdd7.c,13,Access out-of-bound array element (buffer overflow)
clang_sa,Logic error,077d9767c2.c,13,Access out-of-bound array element (buffer overflow)
clang_sa,Logic error,07dec43494.c,12,Access out-of-bound array element (buffer overflow)
clang_sa,Logic error,082bba275c.c,16,Access out-of-bound array element (buffer overflow)
clang_sa,Logic error,0831fd5446.c,18,Access out-of-bound array element (buffer overflow)
clang_sa,Logic error,08a5e0755d.c,10,Access out-of-bound array element (buffer overflow)
clang_sa,Logic error,090ef57d3e.c,15,Access out-of-bound array element (buffer overflow)
clang_sa,Logic error,091cc9600e.c,18,Access out-of-bound array element (buffer overflow)
clang_sa,Logic error,09fbd0e899.c,24,Access out-of-bound array element (buffer overflow)
clang_sa,Logic error,0a576667e1.c,22,Access out-of-bound array element (buffer overflow)
clang_sa,Logic error,0a803a0d00.c,17,Access out-of-bound array element (buffer overflow)
clang_sa,Logic error,0b73cda3a4.c,18,Access out-of-bound array element (buffer overflow)
clang_sa,Logic error,0bbd1cf9f5.c,20,Access out-of-bound array element (buffer overflow)
clang_sa,Logic error,0bf6a971f2.c,14,Access out-of-bound array element (buffer overflow)
clang_sa,Logic error,0c074a8076.c,18,Access out-of-bound array element (buffer overflow)
clang_sa,Logic error,0db881edb4.c,18,Access out-of-bound array element (buffer overflow)
clang_sa,Logic error,0dcec656a2.c,19,Access out-of-bound array element (buffer overflow)
clang_sa,Logic error,0e3f68f4a2.c,13,Access out-of-bound array element (buffer overflow)
clang_sa,Logic error,0e41ec9b7a.c,19,Access out-of-bound array element (buffer overflow)
clang_sa,Logic error,0e41ec9b7a.c,20,Access out-of-bound array element (buffer overflow)
clang_sa,Logic error,0e427821bd.c,18,Access out-of-bound array element (buffer overflow)
clang_sa,Logic error,0e427821bd.c,20,Access out-of-bound array element (buffer overflow)
clang_sa,Logic error,0ee7aeb1ee.c,13,Access out-of-bound array element (buffer overflow)
clang_sa,Logic error,0f041d0d14.c,15,Access out-of-bound array element (buffer overflow)
clang_sa,Logic error,0f041d0d14.c,17,Access out-of-bound array element (buffer overflow)
clang_sa,Logic error,0f2b667c8a.c,18,Access out-of-bound array element (buffer overflow)
clang_sa,Logic error,0f880eb278.c,20,Access out-of-bound array element (buffer overflow)
clang_sa,Logic error,0f98c98250.c,12,Access out-of-bound array element (buffer overflow)
clang_sa,Logic error,10421b22da.c,17,Access out-of-bound array element (buffer overflow)
clang_sa,Logic error,1054e78f17.c,25,Access out-of-bound array element (buffer overflow)
clang_sa,Logic error,1081c9032f.c,17,Access out-of-bound array element (buffer overflow)
clang_sa,Logic error,1081c9032f.c,24,Access out-of-bound array element (buffer overflow)
clang_sa,Logic error,10b3e83370.c,12,Access out-of-bound array element (buffer overflow)
clang_sa,Logic error,11320a2c38.c,16,Access out-of-bound array element (buffer overflow)
clang_sa,Logic error,11499bf5c7.c,13,Access out-of-bound array element (buffer overflow)
clang_sa,Logic error,1167010fa2.c,14,Access out-of-bound array element (buffer overflow)
clang_sa,Logic error,118bad9e3a.c,24,Access out-of-bound array element (buffer overflow)
clang_sa,Logic error,1295c684ba.c,21,Access out-of-bound array element (buffer overflow)
clang_sa,Logic error,12988e3b5c.c,11,Access out-of-bound array element (buffer overflow)
clang_sa,Logic error,12c5897169.c,11,Access out-of-bound array element (buffer overflow)
clang_sa,Logic error,130334bccb.c,10,Access out-of-bound array element (buffer overflow)
clang_sa,Logic error,1327634959.c,12,Access out-of-bound array element (buffer overflow)
clang_sa,Logic error,1377e72ac3.c,10,Access out-of-bound array element (buffer overflow)
clang_sa,Logic error,13ec1ba939.c,14,Access out-of-bound array element (buffer overflow)
clang_sa,Logic error,13ec1ba939.c,17,Access out-of-bound array element (buffer overflow)
clang_sa,Logic error,140703080e.c,24,Access out-of-bound array element (buffer overflow)
clang_sa,Logic error,143d50ef11.c,20,Access out-of-bound array element (buffer overflow)
clang_sa,Logic error,14912d1395.c,16,Access out-of-bound array element (buffer overflow)
clang_sa,Logic error,149577489f.c,10,Access out-of-bound array element (buffer overflow)
clang_sa,Logic error,14f783cb34.c,12,Access out-of-bound array element (buffer overflow)
clang_sa,Logic error,159f37b792.c,18,Access out-of-bound array element (buffer overflow)
clang_sa,Logic error,15c573cd75.c,16,Access out-of-bound array element (buffer overflow)
clang_sa,Logic error,163b14c4b3.c,12,Access out-of-bound array element (buffer overflow)
clang_sa,Logic error,168af1e00b.c,16,Access out-of-bound array element (buffer overflow)
clang_sa,Logic error,168e0cde3a.c,16,Access out-of-bound array element (buffer overflow)
clang_sa,Logic error,16c550fa00.c,21,Access out-of-bound array element (buffer overflow)
clang_sa,Logic error,17839889d0.c,18,Access out-of-bound array element (buffer overflow)
clang_sa,Logic error,18f0ee9db9.c,18,Access out-of-bound array element (buffer overflow)
clang_sa,Logic error,1935bc7066.c,12,Access out-of-bound array element (buffer overflow)
clang_sa,Logic error,1956e24852.c,24,Access out-of-bound array element (buffer overflow)
clang_sa,Logic error,1a2597200d.c,14,Access out-of-bound array element (buffer overflow)
clang_sa,Logic error,1a55a1586e.c,18,Access out-of-bound array element (buffer overflow)
clang_sa,Logic error,1aa032368b.c,14,Access out-of-bound array element (buffer overflow)
clang_sa,Logic error,1aa62124fb.c,19,Access out-of-bound array element (buffer overflow)
clang_sa,Logic error,1af0bf563f.c,18,Access out-of-bound array element (buffer overflow)
clang_sa,Logic error,1b319e6c02.c,10,Access out-of-bound array element (buffer overflow)
clang_sa,Logic error,1bb133e393.c,16,Access out-of-bound array element (buffer overflow)
clang_sa,Logic error,1c68dc61d9.c,19,Access out-of-bound array element (buffer overflow)
clang_sa,Logic error,1cdba145b7.c,14,Access out-of-bound array element (buffer overflow)
clang_sa,Logic error,1d5995933b.c,10,Access out-of-bound array element (buffer overflow)
clang_sa,Logic error,1d6850bb4b.c,15,Access out-of-bound array element (buffer overflow)
clang_sa,Logic error,1e33602ef8.c,17,Access out-of-bound array element (buffer overflow)
clang_sa,Logic error,1e8afcaaf4.c,24,Access out-of-bound array element (buffer overflow)
clang_sa,Logic error,1e90ef3880.c,22,Access out-of-bound array element (buffer overflow)
clang_sa,Logic error,1ed08c2c03.c,20,Access out-of-bound array element (buffer overflow)
clang_sa,Logic error,1f07d2a852.c,22,Access out-of-bound array element (buffer overflow)
clang_sa,Logic error,1f40ed62b8.c,18,Access out-of-bound array element (buffer overflow)
clang_sa,Logic error,1f775dd424.c,20,Access out-of-bound array element (buffer overflow)
clang_sa,Logic error,1f8d6510cc.c,13,Access out-of-bound array element (buffer overflow)
clang_sa,Logic error,1faca36b97.c,20,Access out-of-bound array element (buffer overflow)
clang_sa,Logic error,205be6910f.c,18,Access out-of-bound array element (buffer overflow)
clang_sa,Logic error,21db38bf30.c,17,Access out-of-bound array element (buffer overflow)
clang_sa,Logic error,21fd27fe5d.c,13,Access out-of-bound array element (buffer overflow)
clang_sa,Logic error,2224f78436.c,13,Access out-of-bound array element (buffer overflow)
clang_sa,Logic error,224beb9654.c,10,Access out-of-bound array element (buffer overflow)
clang_sa,Logic error,2305b8199a.c,18,Access out-of-bound array element (buffer overflow)
clang_sa,Logic error,24171dc474.c,20,Access out-of-bound array element (buffer overflow)
clang_sa,Logic error,2422c33d06.c,16,Access out-of-bound array element (buffer overflow)
clang_sa,Logic error,24606391cd.c,16,Access out-of-bound array element (buffer overflow)
clang_sa,Logic error,24b86c026f.c,18,Access out-of-bound array element (buffer overflow)
clang_sa,Logic error,24dffa7413.c,23,Access out-of-bound array element (buffer overflow)
clang_sa,Logic error,25ac4228eb.c,11,Access out-of-bound array element (buffer overflow)
clang_sa,Logic error,2728565fb1.c,22,Access out-of-bound array element (buffer overflow)
clang_sa,Logic error,274f306dc9.c,16,Access out-of-bound array element (buffer overflow)
clang_sa,Logic error,27703d029b.c,8,Access out-of-bound array element (buffer overflow)
clang_sa,Logic error,286bd75f84.c,15,Access out-of-bound array element (buffer overflow)
clang_sa,Logic error,286bd75f84.c,17,Access out-of-bound array element (buffer overflow)
clang_sa,Logic error,29395a55c3.c,14,Access out-of-bound array element (buffer overflow)
clang_sa,Logic error,2946fb7c8e.c,17,Access out-of-bound array element (buffer overflow)
clang_sa,Logic error,296a1fefdb.c,13,Access out-of-bound array element (buffer overflow)
clang_sa,Logic error,2a632ddb85.c,18,Access out-of-bound array element (buffer overflow)
clang_sa,Logic error,2af688889c.c,20,Access out-of-bound array element (buffer overflow)
clang_sa,Logic error,2b703531d4.c,11,Access out-of-bound array element (buffer overflow)
clang_sa,Logic error,2c0701b945.c,12,Access out-of-bound array element (buffer overflow)
clang_sa,Logic error,2c1dc24dbd.c,22,Access out-of-bound array element (buffer overflow)
clang_sa,Logic error,2cbb9810a5.c,16,Access out-of-bound array element (buffer overflow)
clang_sa,Logic error,2cbb9810a5.c,26,Access out-of-bound array element (buffer overflow)
clang_sa,Logic error,2d5403df43.c,18,Access out-of-bound array element (buffer overflow)
clang_sa,Logic error,2d5403df43.c,20,Access out-of-bound array element (buffer overflow)
clang_sa,Logic error,2e44e75893.c,13,Access out-of-bound array element (buffer overflow)
clang_sa,Logic error,2f7f7a4fbb.c,19,Access out-of-bound array element (buffer overflow)
clang_sa,Logic error,2fdb1c24bb.c,11,Access out-of-bound array element (buffer overflow)
clang_sa,Logic error,2fe3dcdb03.c,20,Access out-of-bound array element (buffer overflow)
clang_sa,Logic error,30481dc90f.c,12,Access out-of-bound array element (buffer overflow)
clang_sa,Logic error,319ae9bbb6.c,16,Access out-of-bound array element (buffer overflow)
clang_sa,Logic error,327cca15be.c,19,Access out-of-bound array element (buffer overflow)
clang_sa,Logic error,32cc955a22.c,11,Access out-of-bound array element (buffer overflow)
clang_sa,Logic error,333b1fc9c0.c,13,Access out-of-bound array element (buffer overflow)
clang_sa,Logic error,3376acd98c.c,18,Access out-of-bound array element (buffer overflow)
clang_sa,Logic error,3398ee37a9.c,18,Access out-of-bound array element (buffer overflow)
clang_sa,Logic error,33b7e2b86a.c,21,Access out-of-bound array element (buffer overflow)
clang_sa,Logic error,34129b309a.c,12,Access out-of-bound array element (buffer overflow)
clang_sa,Logic error,34f09e422f.c,13,Access out-of-bound array element (buffer overflow)
clang_sa,Logic error,350057c1c7.c,23,Access out-of-bound array element (buffer overflow)
clang_sa,Logic error,350bae1ea4.c,12,Access out-of-bound array element (buffer overflow)
clang_sa,Logic error,35349cd964.c,21,Access out-of-bound array element (buffer overflow)
clang_sa,Logic error,3597d48013.c,11,Access out-of-bound array element (buffer overflow)
clang_sa,Logic error,35cd6c6d18.c,17,Access out-of-bound array element (buffer overflow)
clang_sa,Logic error,36156880af.c,20,Access out-of-bound array element (buffer overflow)
clang_sa,Logic error,3670e4d1d0.c,14,Access out-of-bound array element (buffer overflow)
clang_sa,Logic error,37a1000ce1.c,16,Access out-of-bound array element (buffer overflow)
clang_sa,Logic error,37dd298c0c.c,26,Access out-of-bound array element (buffer overflow)
clang_sa,Logic error,38017fc38e.c,13,Access out-of-bound array element (buffer overflow)
clang_sa,Logic error,382d84c0ea.c,12,Access out-of-bound array element (buffer overflow)
clang_sa,Logic error,38f7c35caa.c,16,Access out-of-bound array element (buffer overflow)
clang_sa,Logic error,3919782089.c,21,Access out-of-bound array element (buffer overflow)
clang_sa,Logic error,397bd83dbb.c,21,Access out-of-bound array element (buffer overflow)
clang_sa,Logic error,39a9735061.c,21,Access out-of-bound array element (buffer overflow)
clang_sa,Logic error,3b95a95abe.c,17,Access out-of-bound array element (buffer overflow)
clang_sa,Logic error,3b95a95abe.c,21,Access out-of-bound array element (buffer overflow)
clang_sa,Logic error,3c7a67bb02.c,12,Access out-of-bound array element (buffer overflow)
clang_sa,Logic error,3cd58388e4.c,16,Access out-of-bound array element (buffer overflow)
clang_sa,Logic error,3d7e60e3aa.c,24,Access out-of-bound array element (buffer overflow)
clang_sa,Logic error,3efc07ccaf.c,19,Access out-of-bound array element (buffer overflow)
clang_sa,Logic error,3f571382f9.c,17,Access out-of-bound array element (buffer overflow)
clang_sa,Logic error,3ffdab48d2.c,13,Access out-of-bound array element (buffer overflow)
clang_sa,Logic error,4010dd7dde.c,14,Access out-of-bound array element (buffer overflow)
clang_sa,Logic error,40618001cc.c,12,Access out-of-bound array element (buffer overflow)
clang_sa,Logic error,42084a97b5.c,12,Access out-of-bound array element (buffer overflow)
clang_sa,Logic error,42508a1a16.c,16,Access out-of-bound array element (buffer overflow)
clang_sa,Logic error,430734eacc.c,20,Access out-of-bound array element (buffer overflow)
clang_sa,Logic error,4313829ed2.c,11,Access out-of-bound array element (buffer overflow)
clang_sa,Logic error,43bdb3e4db.c,13,Access out-of-bound array element (buffer overflow)
clang_sa,Logic error,4495582cd7.c,20,Access out-of-bound array element (buffer overflow)
clang_sa,Logic error,450f06fd66.c,21,Access out-of-bound array element (buffer overflow)
clang_sa,Logic error,45b352dace.c,14,Access out-of-bound array element (buffer overflow)
clang_sa,Logic error,461f17fe34.c,16,Access out-of-bound array element (buffer overflow)
clang_sa,Logic error,462556e94b.c,16,Access out-of-bound array element (buffer overflow)
clang_sa,Logic error,4705b94199.c,19,Access out-of-bound array element (buffer overflow)
clang_sa,Logic error,4785eb178f.c,16,Access out-of-bound array element (buffer overflow)
clang_sa,Logic error,48585f908d.c,19,Access out-of-bound array element (buffer overflow)
clang_sa,Logic error,4916cecc1d.c,20,Access out-of-bound array element (buffer overflow)
clang_sa,Logic error,4931f7f591.c,13,Access out-of-bound array element (buffer overflow)
clang_sa,Logic error,493996958f.c,19,Access out-of-bound array element (buffer overflow)
clang_sa,Logic error,4a2683dd86.c,14,Access out-of-bound array element (buffer overflow)
clang_sa,Logic error,4b75f7776f.c,13,Access out-of-bound array element (buffer overflow)
clang_sa,Logic error,4b90652a12.c,16,Access out-of-bound array element (buffer overflow)
clang_sa,Logic error,4ebef861e4.c,20,Access out-of-bound array element (buffer overflow)
clang_sa,Logic error,4f4e059bec.c,16,Access out-of-bound array element (buffer overflow)
clang_sa,Logic error,4f59047142.c,14,Access out-of-bound array element (buffer overflow)
clang_sa,Logic error,502a04f8a2.c,17,Access out-of-bound array element (buffer overflow)
clang_sa,Logic error,504c869ae7.c,17,Access out-of-bound array element (buffer overflow)
clang_sa,Logic error,504c869ae7.c,22,Access out-of-bound array element (buffer overflow)
clang_sa,Logic error,507134d6b5.c,14,Access out-of-bound array element (buffer overflow)
clang_sa,Logic error,50c1957ded.c,15,Access out-of-bound array element (buffer overflow)
clang_sa,Logic error,512539db7a.c,14,Access out-of-bound array element (buffer overflow)
clang_sa,Logic error,5150a67754.c,12,Access out-of-bound array element (buffer overflow)
clang_sa,Logic error,51ed5dbcfa.c,14,Access out-of-bound array element (buffer overflow)
clang_sa,Logic error,522917f6e8.c,16,Access out-of-bound array element (buffer overflow)
clang_sa,Logic error,52b85e27dd.c,15,Access out-of-bound array element (buffer overflow)
clang_sa,Logic error,5538ca0694.c,22,Access out-of-bound array element (buffer overflow)
clang_sa,Logic error,55419b3ec2.c,19,Access out-of-bound array element (buffer overflow)
clang_sa,Logic error,555ce45d45.c,16,Access out-of-bound array element (buffer overflow)
clang_sa,Logic error,555ce45d45.c,20,Access out-of-bound array element (buffer overflow)
clang_sa,Logic error,558daff3f9.c,15,Access out-of-bound array element (buffer overflow)
clang_sa,Logic error,558daff3f9.c,17,Access out-of-bound array element (buffer overflow)
clang_sa,Logic error,563bacebc4.c,23,Access out-of-bound array element (buffer overflow)
clang_sa,Logic error,5692f4e53c.c,21,Access out-of-bound array element (buffer overflow)
clang_sa,Logic error,570d498810.c,13,Access out-of-bound array element (buffer overflow)
clang_sa,Logic error,571520b0cb.c,14,Access out-of-bound array element (buffer overflow)
clang_sa,Logic error,571520b0cb.c,21,Access out-of-bound array element (buffer overflow)
clang_sa,Logic error,57cb3cdcca.c,14,Access out-of-bound array element (buffer overflow)
clang_sa,Logic error,57e0a45dc6.c,19,Access out-of-bound array element (buffer overflow)
clang_sa,Logic error,5819a77839.c,20,Access out-of-bound array element (buffer overflow)
clang_sa,Logic error,58b1a804d3.c,13,Access out-of-bound array element (buffer overflow)
clang_sa,Logic error,58b1a804d3.c,17,Access out-of-bound array element (buffer overflow)
clang_sa,Logic error,5937286b98.c,13,Access out-of-bound array element (buffer overflow)
clang_sa,Logic error,5a4d0de331.c,22,Access out-of-bound array element (buffer overflow)
clang_sa,Logic error,5a5c6b6441.c,13,Access out-of-bound array element (buffer overflow)
clang_sa,Logic error,5aab0773c8.c,16,Access out-of-bound array element (buffer overflow)
clang_sa,Logic error,5aab0773c8.c,21,Access out-of-bound array element (buffer overflow)
clang_sa,Logic error,5abeb510b1.c,10,Access out-of-bound array element (buffer overflow)
clang_sa,Logic error,5b4118cf8f.c,18,Access out-of-bound array element (buffer overflow)
clang_sa,Logic error,5b867371ae.c,14,Access out-of-bound array element (buffer overflow)
clang_sa,Logic error,5b8fee18fd.c,19,Access out-of-bound array element (buffer overflow)
clang_sa,Logic error,5ba6de2381.c,10,Access out-of-bound array element (buffer overflow)
clang_sa,Logic error,5bc62767fc.c,20,Access out-of-bound array element (buffer overflow)
clang_sa,Logic error,5bcd459779.c,11,Access out-of-bound array element (buffer overflow)
clang_sa,Logic error,5c8b16133b.c,10,Access out-of-bound array element (buffer overflow)
clang_sa,Logic error,5d34e149ff.c,24,Access out-of-bound array element (buffer overflow)
clang_sa,Logic error,5d4bf9bc76.c,20,Access out-of-bound array element (buffer overflow)
clang_sa,Logic error,5d4bf9bc76.c,22,Access out-of-bound array element (buffer overflow)
clang_sa,Logic error,5d52f1a820.c,16,Access out-of-bound array element (buffer overflow)
clang_sa,Logic error,5e83fefb7f.c,15,Access out-of-bound array element (buffer overflow)
clang_sa,Logic error,5eac103ee3.c,12,Access out-of-bound array element (buffer overflow)
clang_sa,Logic error,5f21cd00b1.c,26,Access out-of-bound array element (buffer overflow)
clang_sa,Logic error,6026748b51.c,17,Access out-of-bound array element (buffer overflow)
clang_sa,Logic error,602a93c1aa.c,16,Access out-of-bound array element (buffer overflow)
clang_sa,Logic error,6052d1c735.c,16,Access out-of-bound array element (buffer overflow)
clang_sa,Logic error,6052d1c735.c,21,Access out-of-bound array element (buffer overflow)
clang_sa,Logic error,61a5c4b004.c,20,Access out-of-bound array element (buffer overflow)
clang_sa,Logic error,61bb1264cc.c,10,Access out-of-bound array element (buffer overflow)
clang_sa,Logic error,624c333328.c,10,Access out-of-bound array element (buffer overflow)
clang_sa,Logic error,624d2324ce.c,22,Access out-of-bound array element (buffer overflow)
clang_sa,Logic error,6271ee7440.c,22,Access out-of-bound array element (buffer overflow)
clang_sa,Logic error,6299d0e035.c,18,Access out-of-bound array element (buffer overflow)
clang_sa,Logic error,6299d0e035.c,23,Access out-of-bound array element (buffer overflow)
clang_sa,Logic error,62ee41b16c.c,16,Access out-of-bound array element (buffer overflow)
clang_sa,Logic error,635bf02079.c,21,Access out-of-bound array element (buffer overflow)
clang_sa,Logic error,63b813c145.c,13,Access out-of-bound array element (buffer overflow)
clang_sa,Logic error,63f44dc9fb.c,16,Access out-of-bound array element (buffer overflow)
clang_sa,Logic error,64267b42da.c,15,Access out-of-bound array element (buffer overflow)
clang_sa,Logic error,644cea5e7a.c,17,Access out-of-bound array element (buffer overflow)
clang_sa,Logic error,649f296038.c,13,Access out-of-bound array element (buffer overflow)
clang_sa,Logic error,64c469bbe7.c,17,Access out-of-bound array element (buffer overflow)
clang_sa,Logic error,64e82ef9bb.c,16,Access out-of-bound array element (buffer overflow)
clang_sa,Logic error,666696ffb8.c,16,Access out-of-bound array element (buffer overflow)
clang_sa,Logic error,666696ffb8.c,19,Access out-of-bound array element (buffer overflow)
clang_sa,Logic error,6692a26e4b.c,18,Access out-of-bound array element (buffer overflow)
clang_sa,Logic error,66a47795da.c,16,Access out-of-bound array element (buffer overflow)
clang_sa,Logic error,6789698fb2.c,18,Access out-of-bound array element (buffer overflow)
clang_sa,Logic error,67d1002587.c,12,Access out-of-bound array element (buffer overflow)
clang_sa,Logic error,682022fea5.c,13,Access out-of-bound array element (buffer overflow)
clang_sa,Logic error,68abd163bd.c,24,Access out-of-bound array element (buffer overflow)
clang_sa,Logic error,68b343d5f2.c,12,Access out-of-bound array element (buffer overflow)
clang_sa,Logic error,68cdf158d2.c,22,Access out-of-bound array element (buffer overflow)
clang_sa,Logic error,6a28b009ef.c,19,Access out-of-bound array element (buffer overflow)
clang_sa,Logic error,6a61480004.c,18,Access out-of-bound array element (buffer overflow)
clang_sa,Logic error,6ac549ed78.c,20,Access out-of-bound array element (buffer overflow)
clang_sa,Logic error,6ace8228aa.c,18,Access out-of-bound array element (buffer overflow)
clang_sa,Logic error,6b2effe516.c,13,Access out-of-bound array element (buffer overflow)
clang_sa,Logic error,6b8b9f00fb.c,21,Access out-of-bound array element (buffer overflow)
clang_sa,Logic error,6b9bc52b0a.c,14,Access out-of-bound array element (buffer overflow)
clang_sa,Logic error,6bc369f0d7.c,16,Access out-of-bound array element (buffer overflow)
clang_sa,Logic error,6c52ad11f9.c,14,Access out-of-bound array element (buffer overflow)
clang_sa,Logic error,6c5970f6a8.c,22,Access out-of-bound array element (buffer overflow)
clang_sa,Logic error,6d66404179.c,9,Access out-of-bound array element (buffer overflow)
clang_sa,Logic error,6d9cb46cbe.c,24,Access out-of-bound array element (buffer overflow)
clang_sa,Logic error,6e16745c89.c,16,Access out-of-bound array element (buffer overflow)
clang_sa,Logic error,6e6b311cba.c,20,Access out-of-bound array element (buffer overflow)
clang_sa,Logic error,6e6b311cba.c,22,Access out-of-bound array element (buffer overflow)
clang_sa,Logic error,6ee811aa54.c,19,Access out-of-bound array element (buffer overflow)
clang_sa,Logic error,6ee811aa54.c,21,Access out-of-bound array element (buffer overflow)
clang_sa,Logic error,6ffc8fe475.c,14,Access out-of-bound array element (buffer overflow)
clang_sa,Logic error,70495b363e.c,14,Access out-of-bound array element (buffer overflow)
clang_sa,Logic error,70495b363e.c,19,Access out-of-bound array element (buffer overflow)
clang_sa,Logic error,707789bee8.c,16,Access out-of-bound array element (buffer overflow)
clang_sa,Logic error,7159478b73.c,19,Access out-of-bound array element (buffer overflow)
clang_sa,Logic error,7159478b73.c,21,Access out-of-bound array element (buffer overflow)
clang_sa,Logic error,7238798229.c,22,Access out-of-bound array element (buffer overflow)
clang_sa,Logic error,7246240ccc.c,10,Access out-of-bound array element (buffer overflow)
clang_sa,Logic error,72b434b909.c,12,Access out-of-bound array element (buffer overflow)
clang_sa,Logic error,7325648f27.c,22,Access out-of-bound array element (buffer overflow)
clang_sa,Logic error,734e2c4828.c,18,Access out-of-bound array element (buffer overflow)
clang_sa,Logic error,737de71363.c,24,Access out-of-bound array element (buffer overflow)
clang_sa,Logic error,742a120a0e.c,19,Access out-of-bound array element (buffer overflow)
clang_sa,Logic error,743e916f6d.c,15,Access out-of-bound array element (buffer overflow)
clang_sa,Logic error,743e916f6d.c,22,Access out-of-bound array element (buffer overflow)
clang_sa,Logic error,74eb6bfc1a.c,17,Access out-of-bound array element (buffer overflow)
clang_sa,Logic error,7500296fea.c,12,Access out-of-bound array element (buffer overflow)
clang_sa,Logic error,75347189cc.c,13,Access out-of-bound array element (buffer overflow)
clang_sa,Logic error,7663d825b1.c,18,Access out-of-bound array element (buffer overflow)
clang_sa,Logic error,7698aac28a.c,14,Access out-of-bound array element (buffer overflow)
clang_sa,Logic error,76ae64d801.c,16,Access out-of-bound array element (buffer overflow)
clang_sa,Logic error,76d1ffe35b.c,15,Access out-of-bound array element (buffer overflow)
clang_sa,Logic error,772c5032ce.c,13,Access out-of-bound array element (buffer overflow)
clang_sa,Logic error,774ce072ad.c,14,Access out-of-bound array element (buffer overflow)
clang_sa,Logic error,7769173111.c,16,Access out-of-bound array element (buffer overflow)
clang_sa,Logic error,77bb2dd671.c,23,Access out-of-bound array element (buffer overflow)
clang_sa,Logic error,77f14fc1cd.c,22,Access out-of-bound array element (buffer overflow)
clang_sa,Logic error,78494f5010.c,17,Access out-of-bound array element (buffer overflow)
clang_sa,Logic error,78494f5010.c,23,Access out-of-bound array element (buffer overflow)
clang_sa,Logic error,7877b08acf.c,18,Access out-of-bound array element (buffer overflow)
clang_sa,Logic error,78d64bfc96.c,12,Access out-of-bound array element (buffer overflow)
clang_sa,Logic error,78dc299d44.c,20,Access out-of-bound array element (buffer overflow)
clang_sa,Logic error,7952ebe3da.c,12,Access out-of-bound array element (buffer overflow)
clang_sa,Logic error,79c9b92f35.c,11,Access out-of-bound array element (buffer overflow)
clang_sa,Logic error,7aa6cdface.c,21,Access out-of-bound array element (buffer overflow)
clang_sa,Logic error,7aaadafe21.c,16,Access out-of-bound array element (buffer overflow)
clang_sa,Logic error,7aaadafe21.c,20,Access out-of-bound array element (buffer overflow)
clang_sa,Logic error,7acc9dd5fa.c,24,Access out-of-bound array element (buffer overflow)
clang_sa,Logic error,7b1a0b21e5.c,24,Access out-of-bound array element (buffer overflow)
clang_sa,Logic error,7b7d3c0d8a.c,18,Access out-of-bound array element (buffer overflow)
clang_sa,Logic error,7ba48333c1.c,14,Access out-of-bound array element (buffer overflow)
clang_sa,Logic error,7be4ae1369.c,22,Access out-of-bound array element (buffer overflow)
clang_sa,Logic error,7d00e404dd.c,9,Access out-of-bound array element (buffer overflow)
clang_sa,Logic error,7d062bbc46.c,16,Access out-of-bound array element (buffer overflow)
clang_sa,Logic error,7e4c5cf832.c,16,Access out-of-bound array element (buffer overflow)
clang_sa,Logic error,7e944a392d.c,11,Access out-of-bound array element (buffer overflow)
clang_sa,Logic error,7ec0d05504.c,16,Access out-of-bound array element (buffer overflow)
clang_sa,Logic error,7ee5db9a84.c,10,Access out-of-bound array element (buffer overflow)
clang_sa,Logic error,7f01dcbd8a.c,19,Access out-of-bound array element (buffer overflow)
clang_sa,Logic error,7fa98e9ec7.c,15,Access out-of-bound array element (buffer overflow)
clang_sa,Logic error,7fe10c192c.c,22,Access out-of-bound array element (buffer overflow)
clang_sa,Logic error,7ffcecb92c.c,19,Access out-of-bound array element (buffer overflow)
clang_sa,Logic error,8014ed5a87.c,16,Access out-of-bound array element (buffer overflow)
clang_sa,Logic error,80ce917cde.c,18,Access out-of-bound array element (buffer overflow)
clang_sa,Logic error,812187fb0c.c,24,Access out-of-bound array element (buffer overflow)
clang_sa,Logic error,812aeb9d54.c,17,Access out-of-bound array element (buffer overflow)
clang_sa,Logic error,812aeb9d54.c,20,Access out-of-bound array element (buffer overflow)
clang_sa,Logic error,812c961df3.c,13,Access out-of-bound array element (buffer overflow)
clang_sa,Logic error,812c961df3.c,19,Access out-of-bound array element (buffer overflow)
clang_sa,Logic error,8250c0f0f6.c,11,Access out-of-bound array element (buffer overflow)
clang_sa,Logic error,827712e62a.c,10,Access out-of-bound array element (buffer overflow)
clang_sa,Logic error,8324d274ac.c,14,Access out-of-bound array element (buffer overflow)
clang_sa,Logic error,833e76ef1b.c,13,Access out-of-bound array element (buffer overflow)
clang_sa,Logic error,833e76ef1b.c,19,Access out-of-bound array element (buffer overflow)
clang_sa,Logic error,83a4ef5d6e.c,18,Access out-of-bound array element (buffer overflow)
clang_sa,Logic error,83a60eec9b.c,14,Access out-of-bound array element (buffer overflow)
clang_sa,Logic error,83a8227767.c,15,Access out-of-bound array element (buffer overflow)
clang_sa,Logic error,83d1423e51.c,14,Access out-of-bound array element (buffer overflow)
clang_sa,Logic error,846d575495.c,19,Access out-of-bound array element (buffer overflow)
clang_sa,Logic error,8498a3d6fa.c,10,Access out-of-bound array element (buffer overflow)
clang_sa,Logic error,851ec5fc7f.c,17,Access out-of-bound array element (buffer overflow)
clang_sa,Logic error,85cab706a3.c,18,Access out-of-bound array element (buffer overflow)
clang_sa,Logic error,864b846b1b.c,18,Access out-of-bound array element (buffer overflow)
clang_sa,Logic error,86bad8a8e2.c,20,Access out-of-bound array element (buffer overflow)
clang_sa,Logic error,86bf50c680.c,14,Access out-of-bound array element (buffer overflow)
clang_sa,Logic error,87233f3e46.c,15,Access out-of-bound array element (buffer overflow)
clang_sa,Logic error,8762c90b06.c,14,Access out-of-bound array element (buffer overflow)
clang_sa,Logic error,87923567b5.c,13,Access out-of-bound array element (buffer overflow)
clang_sa,Logic error,87de6257b6.c,24,Access out-of-bound array element (buffer overflow)
clang_sa,Logic error,88b38d3143.c,14,Access out-of-bound array element (buffer overflow)
clang_sa,Logic error,88d3854955.c,15,Access out-of-bound array element (buffer overflow)
clang_sa,Logic error,89354c40f9.c,16,Access out-of-bound array element (buffer overflow)
clang_sa,Logic error,8983b708e2.c,17,Access out-of-bound array element (buffer overflow)
clang_sa,Logic error,8af7fdc2e1.c,16,Access out-of-bound array element (buffer overflow)
clang_sa,Logic error,8af7fdc2e1.c,22,Access out-of-bound array element (buffer overflow)
clang_sa,Logic error,8b7ad3de3b.c,18,Access out-of-bound array element (buffer overflow)
clang_sa,Logic error,8b911b099c.c,24,Access out-of-bound array element (buffer overflow)
clang_sa,Logic error,8c16de0a85.c,16,Access out-of-bound array element (buffer overflow)
clang_sa,Logic error,8c610a770b.c,10,Access out-of-bound array element (buffer overflow)
clang_sa,Logic error,8d669afa73.c,15,Access out-of-bound array element (buffer overflow)
clang_sa,Logic error,8e3325dfef.c,18,Access out-of-bound array element (buffer overflow)
clang_sa,Logic error,8e8920b1e3.c,14,Access out-of-bound array element (buffer overflow)
clang_sa,Logic error,8ebecbf5f0.c,15,Access out-of-bound array element (buffer overflow)
clang_sa,Logic error,8ebecbf5f0.c,17,Access out-of-bound array element (buffer overflow)
clang_sa,Logic error,8f24427de2.c,13,Access out-of-bound array element (buffer overflow)
clang_sa,Logic error,8f47ccdad3.c,17,Access out-of-bound array element (buffer overflow)
clang_sa,Logic error,8fdcd4090c.c,15,Access out-of-bound array element (buffer overflow)
clang_sa,Logic error,8fe97f2d48.c,15,Access out-of-bound array element (buffer overflow)
clang_sa,Logic error,8fe97f2d48.c,17,Access out-of-bound array element (buffer overflow)
clang_sa,Logic error,9099585922.c,20,Access out-of-bound array element (buffer overflow)
clang_sa,Logic error,90a50815bc.c,10,Access out-of-bound array element (buffer overflow)
clang_sa,Logic error,90b7ed3c84.c,12,Access out-of-bound array element (buffer overflow)
clang_sa,Logic error,90fd2381e6.c,21,Access out-of-bound array element (buffer overflow)
clang_sa,Logic error,91515798f4.c,13,Access out-of-bound array element (buffer overflow)
clang_sa,Logic error,91882327c4.c,13,Access out-of-bound array element (buffer overflow)
clang_sa,Logic error,91adec756b.c,13,Access out-of-bound array element (buffer overflow)
clang_sa,Logic error,91e4a9e8a4.c,12,Access out-of-bound array element (buffer overflow)
clang_sa,Logic error,925efbf5f7.c,18,Access out-of-bound array element (buffer overflow)
clang_sa,Logic error,929ddd6dab.c,14,Access out-of-bound array element (buffer overflow)
clang_sa,Logic error,92d9662733.c,10,Access out-of-bound array element (buffer overflow)
clang_sa,Logic error,9371fdcd2e.c,16,Access out-of-bound array element (buffer overflow)
clang_sa,Logic error,93f1994b1d.c,10,Access out-of-bound array element (buffer overflow)
clang_sa,Logic error,94694511d1.c,13,Access out-of-bound array element (buffer overflow)
clang_sa,Logic error,94c67b9edb.c,11,Access out-of-bound array element (buffer overflow)
clang_sa,Logic error,94d8747b9b.c,14,Access out-of-bound array element (buffer overflow)
clang_sa,Logic error,95ab4f923c.c,16,Access out-of-bound array element (buffer overflow)
clang_sa,Logic error,9664ff0d89.c,12,Access out-of-bound array element (buffer overflow)
clang_sa,Logic error,97ac9a3f0b.c,14,Access out-of-bound array element (buffer overflow)
clang_sa,Logic error,97bf6a7bd2.c,12,Access out-of-bound array element (buffer overflow)
clang_sa,Logic error,98e40ca66d.c,20,Access out-of-bound array element (buffer overflow)
clang_sa,Logic error,98f12d0b2a.c,16,Access out-of-bound array element (buffer overflow)
clang_sa,Logic error,99905161f4.c,20,Access out-of-bound array element (buffer overflow)
clang_sa,Logic error,99b27250e7.c,13,Access out-of-bound array element (buffer overflow)
clang_sa,Logic error,9ac9379b2d.c,14,Access out-of-bound array element (buffer overflow)
clang_sa,Logic error,9ad20e7e2e.c,20,Access out-of-bound array element (buffer overflow)
clang_sa,Logic error,9b75dbb718.c,22,Access out-of-bound array element (buffer overflow)
clang_sa,Logic error,9bdcaf7d70.c,18,Access out-of-bound array element (buffer overflow)
clang_sa,Logic error,9bddb09055.c,18,Access out-of-bound array element (buffer overflow)
clang_sa,Logic error,9c13e7ac52.c,18,Access out-of-bound array element (buffer overflow)
clang_sa,Logic error,9c5f767dc3.c,14,Access out-of-bound array element (buffer overflow)
clang_sa,Logic error,9c767323df.c,17,Access out-of-bound array element (buffer overflow)
clang_sa,Logic error,9cb2a36ce4.c,16,Access out-of-bound array element (buffer overflow)
clang_sa,Logic error,9d259395fa.c,13,Access out-of-bound array element (buffer overflow)
clang_sa,Logic error,9d4041afbf.c,12,Access out-of-bound array element (buffer overflow)
clang_sa,Logic error,9d8f13d112.c,13,Access out-of-bound array element (buffer overflow)
clang_sa,Logic error,9dec856262.c,17,Access out-of-bound array element (buffer overflow)
clang_sa,Logic error,9dec856262.c,19,Access out-of-bound array element (buffer overflow)
clang_sa,Logic error,9df55818c0.c,19,Access out-of-bound array element (buffer overflow)
clang_sa,Logic error,9f57d59b31.c,17,Access out-of-bound array element (buffer overflow)
clang_sa,Logic error,9fd39655a3.c,22,Access out-of-bound array element (buffer overflow)
clang_sa,Logic error,9fddb79dfd.c,13,Access out-of-bound array element (buffer overflow)
clang_sa,Logic error,a16003a1e6.c,17,Access out-of-bound array element (buffer overflow)
clang_sa,Logic error,a19358635d.c,17,Access out-of-bound array element (buffer overflow)
clang_sa,Logic error,a1c3d576e8.c,18,Access out-of-bound array element (buffer overflow)
clang_sa,Logic error,a1e28ca77c.c,16,Access out-of-bound array element (buffer overflow)
clang_sa,Logic error,a367da45e1.c,17,Access out-of-bound array element (buffer overflow)
clang_sa,Logic error,a39400a9e2.c,13,Access out-of-bound array element (buffer overflow)
clang_sa,Logic error,a39400a9e2.c,20,Access out-of-bound array element (buffer overflow)
clang_sa,Logic error,a3b439ba39.c,16,Access out-of-bound array element (buffer overflow)
clang_sa,Logic error,a3e2bc08da.c,13,Access out-of-bound array element (buffer overflow)
clang_sa,Logic error,a3fa409fee.c,20,Access out-of-bound array element (buffer overflow)
clang_sa,Logic error,a4d66727bb.c,18,Access out-of-bound array element (buffer overflow)
clang_sa,Logic error,a4d66727bb.c,23,Access out-of-bound array element (buffer overflow)
clang_sa,Logic error,a5ba812672.c,13,Access out-of-bound array element (buffer overflow)
clang_sa,Logic error,a5e969550e.c,19,Access out-of-bound array element (buffer overflow)
clang_sa,Logic error,a5e969550e.c,21,Access out-of-bound array element (buffer overflow)
clang_sa,Logic error,a60a0fb64b.c,18,Access out-of-bound array element (buffer overflow)
clang_sa,Logic error,a626ec47ec.c,21,Access out-of-bound array element (buffer overflow)
clang_sa,Logic error,a7372e9de5.c,19,Access out-of-bound array element (buffer overflow)
clang_sa,Logic error,a761dbc77a.c,13,Access out-of-bound array element (buffer overflow)
clang_sa,Logic error,a7eaf22f1d.c,18,Access out-of-bound array element (buffer overflow)
clang_sa,Logic error,a7fa8c7633.c,16,Access out-of-bound array element (buffer overflow)
clang_sa,Logic error,a813d3576d.c,26,Access out-of-bound array element (buffer overflow)
clang_sa,Logic error,a82afbed76.c,17,Access out-of-bound array element (buffer overflow)
clang_sa,Logic error,a8e90fbcb9.c,11,Access out-of-bound array element (buffer overflow)
clang_sa,Logic error,a9080a924a.c,20,Access out-of-bound array element (buffer overflow)
clang_sa,Logic error,a9457642c5.c,13,Access out-of-bound array element (buffer overflow)
clang_sa,Logic error,a9b127af2a.c,14,Access out-of-bound array element (buffer overflow)
clang_sa,Logic error,aaa4b3045c.c,22,Access out-of-bound array element (buffer overflow)
clang_sa,Logic error,aacac2994a.c,19,Access out-of-bound array element (buffer overflow)
clang_sa,Logic error,ab17336a3d.c,23,Access out-of-bound array element (buffer overflow)
clang_sa,Logic error,ab70bc9d3d.c,11,Access out-of-bound array element (buffer overflow)
clang_sa,Logic error,abcff839d1.c,18,Access out-of-bound array element (buffer overflow)
clang_sa,Logic error,ac60c6d4f9.c,21,Access out-of-bound array element (buffer overflow)
clang_sa,Logic error,ad21f6171b.c,16,Access out-of-bound array element (buffer overflow)
clang_sa,Logic error,ad2daba71c.c,14,Access out-of-bound array element (buffer overflow)
clang_sa,Logic error,ad79cf76d5.c,18,Access out-of-bound array element (buffer overflow)
clang_sa,Logic error,adc27c0ffc.c,16,Access out-of-bound array element (buffer overflow)
clang_sa,Logic error,adee9637c2.c,10,Access out-of-bound array element (buffer overflow)
clang_sa,Logic error,ae3642b71f.c,17,Access out-of-bound array element (buffer overflow)
clang_sa,Logic error,aea9f3e227.c,20,Access out-of-bound array element (buffer overflow)
clang_sa,Logic error,af6b93dc20.c,18,Access out-of-bound array element (buffer overflow)
clang_sa,Logic error,afa8a03fc5.c,16,Access out-of-bound array element (buffer overflow)
clang_sa,Logic error,afc0dcca6a.c,20,Access out-of-bound array element (buffer overflow)
clang_sa,Logic error,aff2a412ab.c,12,Access out-of-bound array element (buffer overflow)
clang_sa,Logic error,b018f9fd37.c,16,Access out-of-bound array element (buffer overflow)
clang_sa,Logic error,b03c0cd400.c,20,Access out-of-bound array element (buffer overflow)
clang_sa,Logic error,b03c0cd400.c,22,Access out-of-bound array element (buffer overflow)
clang_sa,Logic error,b0f8269fb2.c,18,Access out-of-bound array element (buffer overflow)
clang_sa,Logic error,b10ee2c84e.c,14,Access out-of-bound array element (buffer overflow)
clang_sa,Logic error,b1370e2e36.c,10,Access out-of-bound array element (buffer overflow)
clang_sa,Logic error,b14dc7ccb2.c,22,Access out-of-bound array element (buffer overflow)
clang_sa,Logic error,b17c99abff.c,14,Access out-of-bound array element (buffer overflow)
clang_sa,Logic error,b2931fd6ba.c,17,Access out-of-bound array element (buffer overflow)
clang_sa,Logic error,b306406075.c,21,Access out-of-bound array element (buffer overflow)
clang_sa,Logic error,b3f871bc62.c,24,Access out-of-bound array element (buffer overflow)
clang_sa,Logic error,b40462b005.c,20,Access out-of-bound array element (buffer overflow)
clang_sa,Logic error,b40462b005.c,24,Access out-of-bound array element (buffer overflow)
clang_sa,Logic error,b4f5e8a0a1.c,18,Access out-of-bound array element (buffer overflow)
clang_sa,Logic error,b5afb2633e.c,16,Access out-of-bound array element (buffer overflow)
clang_sa,Logic error,b5e1b64c8c.c,13,Access out-of-bound array element (buffer overflow)
clang_sa,Logic error,b64fca1263.c,12,Access out-of-bound array element (buffer overflow)
clang_sa,Logic error,b676f52645.c,18,Access out-of-bound array element (buffer overflow)
clang_sa,Logic error,b6e003b22c.c,14,Access out-of-bound array element (buffer overflow)
clang_sa,Logic error,b784264bb2.c,20,Access out-of-bound array element (buffer overflow)
clang_sa,Logic error,b7e565eecb.c,13,Access out-of-bound array element (buffer overflow)
clang_sa,Logic error,b86e85226f.c,17,Access out-of-bound array element (buffer overflow)
clang_sa,Logic error,b91a36c8a8.c,15,Access out-of-bound array element (buffer overflow)
clang_sa,Logic error,b96ffcdd41.c,21,Access out-of-bound array element (buffer overflow)
clang_sa,Logic error,b99e9d89a9.c,11,Access out-of-bound array element (buffer overflow)
clang_sa,Logic error,ba05b21a83.c,14,Access out-of-bound array element (buffer overflow)
clang_sa,Logic error,ba87dad0ab.c,14,Access out-of-bound array element (buffer overflow)
clang_sa,Logic error,baaaf3158e.c,14,Access out-of-bound array element (buffer overflow)
clang_sa,Logic error,bac0af7e19.c,19,Access out-of-bound array element (buffer overflow)
clang_sa,Logic error,baf3a4f277.c,12,Access out-of-bound array element (buffer overflow)
clang_sa,Logic error,bb0ec18df0.c,14,Access out-of-bound array element (buffer overflow)
clang_sa,Logic error,bb4de7b1cc.c,22,Access out-of-bound array element (buffer overflow)
clang_sa,Logic error,bb5f902287.c,14,Access out-of-bound array element (buffer overflow)
clang_sa,Logic error,bc2452c5ef.c,20,Access out-of-bound array element (buffer overflow)
clang_sa,Logic error,bc2452c5ef.c,22,Access out-of-bound array element (buffer overflow)
clang_sa,Logic error,bc27bed7b1.c,12,Access out-of-bound array element (buffer overflow)
clang_sa,Logic error,bca07bcd3a.c,16,Access out-of-bound array element (buffer overflow)
clang_sa,Logic error,bccdec4233.c,18,Access out-of-bound array element (buffer overflow)
clang_sa,Logic error,bdb0f2b56c.c,10,Access out-of-bound array element (buffer overflow)
clang_sa,Logic error,be51999c97.c,20,Access out-of-bound array element (buffer overflow)
clang_sa,Logic error,be9051ca32.c,14,Access out-of-bound array element (buffer overflow)
clang_sa,Logic error,bee0b0f06f.c,12,Access out-of-bound array element (buffer overflow)
clang_sa,Logic error,bf63d05fa4.c,14,Access out-of-bound array element (buffer overflow)
clang_sa,Logic error,bf63d05fa4.c,17,Access out-of-bound array element (buffer overflow)
clang_sa,Logic error,bfa397c559.c,12,Access out-of-bound array element (buffer overflow)
clang_sa,Logic error,bfcb6357b6.c,18,Access out-of-bound array element (buffer overflow)
clang_sa,Logic error,bfe521c206.c,19,Access out-of-bound array element (buffer overflow)
clang_sa,Logic error,c0760e2226.c,19,Access out-of-bound array element (buffer overflow)
clang_sa,Logic error,c261834fba.c,11,Access out-of-bound array element (buffer overflow)
clang_sa,Logic error,c269fb1824.c,18,Access out-of-bound array element (buffer overflow)
clang_sa,Logic error,c355312f6a.c,21,Access out-of-bound array element (buffer overflow)
clang_sa,Logic error,c4bc08c1cf.c,16,Access out-of-bound array element (buffer overflow)
clang_sa,Logic error,c4cfbfc9d9.c,11,Access out-of-bound array element (buffer overflow)
clang_sa,Logic error,c5034a25b5.c,24,Access out-of-bound array element (buffer overflow)
clang_sa,Logic error,c559926a52.c,19,Access out-of-bound array element (buffer overflow)
clang_sa,Logic error,c59288ccfb.c,11,Access out-of-bound array element (buffer overflow)
clang_sa,Logic error,c5b537e26e.c,16,Access out-of-bound array element (buffer overflow)
clang_sa,Logic error,c5d4a31613.c,15,Access out-of-bound array element (buffer overflow)
clang_sa,Logic error,c5d4a31613.c,20,Access out-of-bound array element (buffer overflow)
clang_sa,Logic error,c64fc6846e.c,18,Access out-of-bound array element (buffer overflow)
clang_sa,Logic error,c67c8085ed.c,10,Access out-of-bound array element (buffer overflow)
clang_sa,Logic error,c6defe09b7.c,20,Access out-of-bound array element (buffer overflow)
clang_sa,Logic error,c717a4f666.c,26,Access out-of-bound array element (buffer overflow)
clang_sa,Logic error,c727749fe5.c,22,Access out-of-bound array element (buffer overflow)
clang_sa,Logic error,c728ce03bf.c,18,Access out-of-bound array element (buffer overflow)
clang_sa,Logic error,c8c3239231.c,16,Access out-of-bound array element (buffer overflow)
clang_sa,Logic error,c925f989bf.c,16,Access out-of-bound array element (buffer overflow)
clang_sa,Logic error,c9ccfa2de2.c,14,Access out-of-bound array element (buffer overflow)
clang_sa,Logic error,ca3558b5ee.c,23,Access out-of-bound array element (buffer overflow)
clang_sa,Logic error,ca965eb608.c,10,Access out-of-bound array element (buffer overflow)
clang_sa,Logic error,cab318f252.c,20,Access out-of-bound array element (buffer overflow)
clang_sa,Logic error,cb7b6b6c5d.c,20,Access out-of-bound array element (buffer overflow)
clang_sa,Logic error,cba4780883.c,20,Access out-of-bound array element (buffer overflow)
clang_sa,Logic error,cccac6d9f9.c,13,Access out-of-bound array element (buffer overflow)
clang_sa,Logic error,cd07db723e.c,16,Access out-of-bound array element (buffer overflow)
clang_sa,Logic error,cdbd87ba14.c,13,Access out-of-bound array element (buffer overflow)
clang_sa,Logic error,ce3444fbc5.c,18,Access out-of-bound array element (buffer overflow)
clang_sa,Logic error,ce3f69a353.c,21,Access out-of-bound array element (buffer overflow)
clang_sa,Logic error,ce6226b30c.c,15,Access out-of-bound array element (buffer overflow)
clang_sa,Logic error,cedd126591.c,22,Access out-of-bound array element (buffer overflow)
clang_sa,Logic error,cf3ca5156a.c,20,Access out-of-bound array element (buffer overflow)
clang_sa,Logic error,cf9ff38aa5.c,22,Access out-of-bound array element (buffer overflow)
clang_sa,Logic error,cfcd77a945.c,22,Access out-of-bound array element (buffer overflow)
clang_sa,Logic error,cfe976b256.c,14,Access out-of-bound array element (buffer overflow)
clang_sa,Logic error,d016905e3e.c,21,Access out-of-bound array element (buffer overflow)
clang_sa,Logic error,d02dca53b5.c,13,Access out-of-bound array element (buffer overflow)
clang_sa,Logic error,d039a9b297.c,19,Access out-of-bound array element (buffer overflow)
clang_sa,Logic error,d0bd2993aa.c,19,Access out-of-bound array element (buffer overflow)
clang_sa,Logic error,d0ec5c0579.c,20,Access out-of-bound array element (buffer overflow)
clang_sa,Logic error,d0ee91eced.c,18,Access out-of-bound array element (buffer overflow)
clang_sa,Logic error,d16ac240a1.c,17,Access out-of-bound array element (buffer overflow)
clang_sa,Logic error,d1a7784e74.c,18,Access out-of-bound array element (buffer overflow)
clang_sa,Logic error,d1bef5dcff.c,16,Access out-of-bound array element (buffer overflow)
clang_sa,Logic error,d28d5d6365.c,16,Access out-of-bound array element (buffer overflow)
clang_sa,Logic error,d29ee7e2ed.c,16,Access out-of-bound array element (buffer overflow)
clang_sa,Logic error,d321d42265.c,13,Access out-of-bound array element (buffer overflow)
clang_sa,Logic error,d359fee839.c,16,Access out-of-bound array element (buffer overflow)
clang_sa,Logic error,d450a0457f.c,18,Access out-of-bound array element (buffer overflow)
clang_sa,Logic error,d450a0457f.c,21,Access out-of-bound array element (buffer overflow)
clang_sa,Logic error,d4b34bd69a.c,14,Access out-of-bound array element (buffer overflow)
clang_sa,Logic error,d4b6157b10.c,11,Access out-of-bound array element (buffer overflow)
clang_sa,Logic error,d56a568a37.c,19,Access out-of-bound array element (buffer overflow)
clang_sa,Logic error,d56a568a37.c,26,Access out-of-bound array element (buffer overflow)
clang_sa,Logic error,d5cac1f6fe.c,13,Access out-of-bound array element (buffer overflow)
clang_sa,Logic error,d60ca544ed.c,12,Access out-of-bound array element (buffer overflow)
clang_sa,Logic error,d697c18aa6.c,13,Access out-of-bound array element (buffer overflow)
clang_sa,Logic error,d6c8d93f5c.c,21,Access out-of-bound array element (buffer overflow)
clang_sa,Logic error,d6ca24b473.c,10,Access out-of-bound array element (buffer overflow)
clang_sa,Logic error,d782ed7765.c,16,Access out-of-bound array element (buffer overflow)
clang_sa,Logic error,d81d31afd3.c,20,Access out-of-bound array element (buffer overflow)
clang_sa,Logic error,d81d31afd3.c,22,Access out-of-bound array element (buffer overflow)
clang_sa,Logic error,d82579b3b6.c,16,Access out-of-bound array element (buffer overflow)
clang_sa,Logic error,d8d95aa024.c,22,Access out-of-bound array element (buffer overflow)
clang_sa,Logic error,da1762f46b.c,14,Access out-of-bound array element (buffer overflow)
clang_sa,Logic error,dace529c9b.c,16,Access out-of-bound array element (buffer overflow)
clang_sa,Logic error,dad79332f7.c,15,Access out-of-bound array element (buffer overflow)
clang_sa,Logic error,db21d03965.c,21,Access out-of-bound array element (buffer overflow)
clang_sa,Logic error,db412c57bd.c,12,Access out-of-bound array element (buffer overflow)
clang_sa,Logic error,db8c8ccf6c.c,13,Access out-of-bound array element (buffer overflow)
clang_sa,Logic error,dbbdd1843e.c,11,Access out-of-bound array element (buffer overflow)
clang_sa,Logic error,dbd28d18bd.c,17,Access out-of-bound array element (buffer overflow)
clang_sa,Logic error,dc19657cbc.c,14,Access out-of-bound array element (buffer overflow)
clang_sa,Logic error,dc19657cbc.c,17,Access out-of-bound array element (buffer overflow)
clang_sa,Logic error,dc3bac5bbb.c,12,Access out-of-bound array element (buffer overflow)
clang_sa,Logic error,dcef5219c7.c,16,Access out-of-bound array element (buffer overflow)
clang_sa,Logic error,dd0faf8c6f.c,20,Access out-of-bound array element (buffer overflow)
clang_sa,Logic error,dd6e2f8443.c,12,Access out-of-bound array element (buffer overflow)
clang_sa,Logic error,dd9f4de9e8.c,19,Access out-of-bound array element (buffer overflow)
clang_sa,Logic error,ddb517a498.c,25,Access out-of-bound array element (buffer overflow)
clang_sa,Logic error,de93969283.c,16,Access out-of-bound array element (buffer overflow)
clang_sa,Logic error,ded637d5ef.c,17,Access out-of-bound array element (buffer overflow)
clang_sa,Logic error,dede604fab.c,20,Access out-of-bound array element (buffer overflow)
clang_sa,Logic error,df9db0f11e.c,16,Access out-of-bound array element (buffer overflow)
clang_sa,Logic error,e13cb05707.c,12,Access out-of-bound array element (buffer overflow)
clang_sa,Logic error,e175331e5a.c,20,Access out-of-bound array element (buffer overflow)
clang_sa,Logic error,e2f4eeb33d.c,12,Access out-of-bound array element (buffer overflow)
clang_sa,Logic error,e37aa7d899.c,13,Access out-of-bound array element (buffer overflow)
clang_sa,Logic error,e3a1e3e0d5.c,14,Access out-of-bound array element (buffer overflow)
clang_sa,Logic error,e3a1e3e0d5.c,17,Access out-of-bound array element (buffer overflow)
clang_sa,Logic error,e4810e3b28.c,14,Access out-of-bound array element (buffer overflow)
clang_sa,Logic error,e56fe2b642.c,19,Access out-of-bound array element (buffer overflow)
clang_sa,Logic error,e582f1e233.c,16,Access out-of-bound array element (buffer overflow)
clang_sa,Logic error,e5a5bb9a46.c,22,Access out-of-bound array element (buffer overflow)
clang_sa,Logic error,e5f597baea.c,19,Access out-of-bound array element (buffer overflow)
clang_sa,Logic error,e670e19f37.c,19,Access out-of-bound array element (buffer overflow)
clang_sa,Logic error,e6904e6bde.c,18,Access out-of-bound array element (buffer overflow)
clang_sa,Logic error,e6a8f1a428.c,18,Access out-of-bound array element (buffer overflow)
clang_sa,Logic error,e6e3ea3219.c,17,Access out-of-bound array element (buffer overflow)
clang_sa,Logic error,e706f47569.c,20,Access out-of-bound array element (buffer overflow)
clang_sa,Logic error,e706f47569.c,25,Access out-of-bound array element (buffer overflow)
clang_sa,Logic error,e708f3cd99.c,15,Access out-of-bound array element (buffer overflow)
clang_sa,Logic error,e72530281c.c,15,Access out-of-bound array element (buffer overflow)
clang_sa,Logic error,e72a91a976.c,16,Access out-of-bound array element (buffer overflow)
clang_sa,Logic error,e7af073ad5.c,10,Access out-of-bound array element (buffer overflow)
clang_sa,Logic error,e8664a25d1.c,13,Access out-of-bound array element (buffer overflow)
clang_sa,Logic error,e878970610.c,9,Access out-of-bound array element (buffer overflow)
clang_sa,Logic error,e90fa1f5e2.c,16,Access out-of-bound array element (buffer overflow)
clang_sa,Logic error,e91bf9b5fa.c,21,Access out-of-bound array element (buffer overflow)
clang_sa,Logic error,e94bf484fa.c,15,Access out-of-bound array element (buffer overflow)
clang_sa,Logic error,e9b09479db.c,14,Access out-of-bound array element (buffer overflow)
clang_sa,Logic error,ea36f140fb.c,14,Access out-of-bound array element (buffer overflow)
clang_sa,Logic error,ea3f3479e6.c,21,Access out-of-bound array element (buffer overflow)
clang_sa,Logic error,eac121bc3e.c,13,Access out-of-bound array element (buffer overflow)
clang_sa,Logic error,eac56929db.c,18,Access out-of-bound array element (buffer overflow)
clang_sa,Logic error,ebdf6c963a.c,18,Access out-of-bound array element (buffer overflow)
clang_sa,Logic error,ec662d796e.c,14,Access out-of-bound array element (buffer overflow)
clang_sa,Logic error,ecb65602c5.c,17,Access out-of-bound array element (buffer overflow)
clang_sa,Logic error,ecd786a844.c,20,Access out-of-bound array element (buffer overflow)
clang_sa,Logic error,ecf3d9713c.c,12,Access out-of-bound array element (buffer overflow)
clang_sa,Logic error,ed7070c059.c,18,Access out-of-bound array element (buffer overflow)
clang_sa,Logic error,eda812f168.c,22,Access out-of-bound array element (buffer overflow)
clang_sa,Logic error,ede5b30664.c,19,Access out-of-bound array element (buffer overflow)
clang_sa,Logic error,ee0c1d4da3.c,11,Access out-of-bound array element (buffer overflow)
clang_sa,Logic error,ee159902c9.c,14,Access out-of-bound array element (buffer overflow)
clang_sa,Logic error,eec0dad98b.c,11,Access out-of-bound array element (buffer overflow)
clang_sa,Logic error,ef6f5b23c1.c,21,Access out-of-bound array element (buffer overflow)
clang_sa,Logic error,efec1385d4.c,13,Access out-of-bound array element (buffer overflow)
clang_sa,Logic error,f0b76c12b1.c,16,Access out-of-bound array element (buffer overflow)
clang_sa,Logic error,f147df683e.c,22,Access out-of-bound array element (buffer overflow)
clang_sa,Logic error,f15023bfba.c,20,Access out-of-bound array element (buffer overflow)
clang_sa,Logic error,f16d77f761.c,14,Access out-of-bound array element (buffer overflow)
clang_sa,Logic error,f233fafbc4.c,18,Access out-of-bound array element (buffer overflow)
clang_sa,Logic error,f2ed82019a.c,12,Access out-of-bound array element (buffer overflow)
clang_sa,Logic error,f351c9deed.c,14,Access out-of-bound array element (buffer overflow)
clang_sa,Logic error,f36e0c43b2.c,22,Access out-of-bound array element (buffer overflow)
clang_sa,Logic error,f3b48e1afb.c,16,Access out-of-bound array element (buffer overflow)
clang_sa,Logic error,f3e768973f.c,22,Access out-of-bound array element (buffer overflow)
clang_sa,Logic error,f44a1cbf57.c,16,Access out-of-bound array element (buffer overflow)
clang_sa,Logic error,f471807704.c,22,Access out-of-bound array element (buffer overflow)
clang_sa,Logic error,f496fdc7f7.c,16,Access out-of-bound array element (buffer overflow)
clang_sa,Logic error,f49b4f897f.c,16,Access out-of-bound array element (buffer overflow)
clang_sa,Logic error,f4c487146d.c,13,Access out-of-bound array element (buffer overflow)
clang_sa,Logic error,f4c843fa41.c,10,Access out-of-bound array element (buffer overflow)
clang_sa,Logic error,f4d88b7490.c,16,Access out-of-bound array element (buffer overflow)
clang_sa,Logic error,f5472108ea.c,10,Access out-of-bound array element (buffer overflow)
clang_sa,Logic error,f549e8892e.c,18,Access out-of-bound array element (buffer overflow)
clang_sa,Logic error,f5766be3ac.c,16,Access out-of-bound array element (buffer overflow)
clang_sa,Logic error,f6392f2558.c,16,Access out-of-bound array element (buffer overflow)
clang_sa,Logic error,f68dbb57aa.c,16,Access out-of-bound array element (buffer overflow)
clang_sa,Logic error,f791957e8a.c,25,Access out-of-bound array element (buffer overflow)
clang_sa,Logic error,f81e8af26f.c,16,Access out-of-bound array element (buffer overflow)
clang_sa,Logic error,f8332bf778.c,15,Access out-of-bound array element (buffer overflow)
clang_sa,Logic error,f871f486c7.c,18,Access out-of-bound array element (buffer overflow)
clang_sa,Logic error,f87cd9bcd2.c,20,Access out-of-bound array element (buffer overflow)
clang_sa,Logic error,f8e723a82a.c,14,Access out-of-bound array element (buffer overflow)
clang_sa,Logic error,f938ff36a0.c,13,Access out-of-bound array element (buffer overflow)
clang_sa,Logic error,f9d1382dfb.c,17,Access out-of-bound array element (buffer overflow)
clang_sa,Logic error,fa456de640.c,16,Access out-of-bound array element (buffer overflow)
clang_sa,Logic error,fad0b9575e.c,20,Access out-of-bound array element (buffer overflow)
clang_sa,Logic error,faf34227f2.c,12,Access out-of-bound array element (buffer overflow)
clang_sa,Logic error,fb16aeeaab.c,10,Access out-of-bound array element (buffer overflow)
clang_sa,Logic error,fb1f467b0b.c,16,Access out-of-bound array element (buffer overflow)
clang_sa,Logic error,fbdb4ab242.c,12,Access out-of-bound array element (buffer overflow)
clang_sa,Logic error,fc0f02b6a5.c,15,Access out-of-bound array element (buffer overflow)
clang_sa,Logic error,fc11e5ec45.c,20,Access out-of-bound array element (buffer overflow)
clang_sa,Logic error,fcc72e4279.c,17,Access out-of-bound array element (buffer overflow)
clang_sa,Logic error,fcc72e4279.c,21,Access out-of-bound array element (buffer overflow)
clang_sa,Logic error,fd0e67e380.c,21,Access out-of-bound array element (buffer overflow)
clang_sa,Logic error,fd649c0e90.c,20,Access out-of-bound array element (buffer overflow)
clang_sa,Logic error,fe1e105c25.c,18,Access out-of-bound array element (buffer overflow)
clang_sa,Logic error,fe1e105c25.c,20,Access out-of-bound array element (buffer overflow)
clang_sa,Logic error,fe93d51a4d.c,20,Access out-of-bound array element (buffer overflow)
clang_sa,Logic error,fe9f55a817.c,14,Access out-of-bound array element (buffer overflow)
clang_sa,Logic error,fea35f38e7.c,16,Access out-of-bound array element (buffer overflow)
clang_sa,Logic error,ff4d5dc2bb.c,20,Access out-of-bound array element (buffer overflow)
